{
  "test": "perfect_square_validation",
  "paradigm": "fixed-lattice",
  "perfect_squares_tested": [
    100,
    121,
    144,
    169,
    196
  ],
  "K": 20,
  "results": [
    {
      "N": 100,
      "sqrt_N": 10,
      "mean_gue_ks": 0.33335874131613785,
      "std_gue_ks": 0.028160891814757182,
      "sem_gue_ks": 0.006296966840481447,
      "K": 20,
      "elapsed": 2.677523136138916,
      "raw_scores": [
        0.3493992078944387,
        0.3231404391466125,
        0.29674106470745854,
        0.3417087140457934,
        0.37265767956775714,
        0.32113776736058053,
        0.3324285678182428,
        0.33329445668823876,
        0.35047492129987406,
        0.35004069813130306,
        0.39691022828824923,
        0.3246049170641688,
        0.2951952558393121,
        0.31821627581602874,
        0.30540661449725404,
        0.3670405762446134,
        0.2928243382856996,
        0.36422621794819454,
        0.29467870189790885,
        0.3370481837810277
      ],
      "vs_144_p": 0.00038127150101826624,
      "vs_144_direction": "N=144 better"
    },
    {
      "N": 121,
      "sqrt_N": 11,
      "mean_gue_ks": 0.28449082844757334,
      "std_gue_ks": 0.0286243822450213,
      "sem_gue_ks": 0.006400606451380566,
      "K": 20,
      "elapsed": 4.2343668937683105,
      "raw_scores": [
        0.298461164515612,
        0.2811692412600464,
        0.31540358841318167,
        0.2914372038555534,
        0.31273412740943096,
        0.2663518347241665,
        0.31551866887542124,
        0.31464081150494694,
        0.27005054030758835,
        0.23791195906485046,
        0.3007564246247385,
        0.2084108560104544,
        0.27800023473835783,
        0.26507336476051413,
        0.27590261696426444,
        0.2867051141769838,
        0.2518564179740244,
        0.3127256548701671,
        0.3217398271751922,
        0.284966917725972
      ],
      "vs_144_p": 0.36092707057912926,
      "vs_144_direction": "N=121 better"
    },
    {
      "N": 144,
      "sqrt_N": 12,
      "mean_gue_ks": 0.2939114020330003,
      "std_gue_ks": 0.03394691622573558,
      "sem_gue_ks": 0.007590761230723534,
      "K": 20,
      "elapsed": 5.949358701705933,
      "raw_scores": [
        0.32499516798308203,
        0.29788409261128934,
        0.27325902146569253,
        0.3304009720584289,
        0.35291676382870296,
        0.2763945194772981,
        0.31189534963746046,
        0.31444860507781697,
        0.27269461757004065,
        0.24565921264016954,
        0.2710733817843386,
        0.26114415807688063,
        0.2659098428919292,
        0.35302131919299823,
        0.27172599872187386,
        0.30936443963676424,
        0.33692190510134495,
        0.2596076669013279,
        0.31056458922121316,
        0.238346416781353
      ]
    },
    {
      "N": 169,
      "sqrt_N": 13,
      "mean_gue_ks": 0.3050066558512556,
      "std_gue_ks": 0.03263191633863163,
      "sem_gue_ks": 0.007296718316926636,
      "K": 20,
      "elapsed": 8.782978534698486,
      "raw_scores": [
        0.28134412940158376,
        0.3857599791946762,
        0.30551507264887307,
        0.32916663566682075,
        0.3227011010401713,
        0.28586454018147095,
        0.29024620806350077,
        0.2668837332738631,
        0.30420532083014784,
        0.34852954803204494,
        0.3359401116639321,
        0.303643729794665,
        0.30162660629899146,
        0.31345760876889117,
        0.32082226011864806,
        0.22202669351730964,
        0.3022496510230215,
        0.2883474837223716,
        0.3153680692921551,
        0.2764346344919733
      ],
      "vs_144_p": 0.31087225640206223,
      "vs_144_direction": "N=144 better"
    },
    {
      "N": 196,
      "sqrt_N": 14,
      "mean_gue_ks": 0.28349745297546225,
      "std_gue_ks": 0.02624174439874936,
      "sem_gue_ks": 0.0058678324323777915,
      "K": 20,
      "elapsed": 10.351209163665771,
      "raw_scores": [
        0.2886011839728105,
        0.28292184487630906,
        0.2411699223700775,
        0.27708030134361905,
        0.29877412187142194,
        0.2616771449149616,
        0.2462059238369883,
        0.2669161368472407,
        0.28226211937146384,
        0.28435545597322087,
        0.3212353182580667,
        0.32123692253540453,
        0.3300180238453146,
        0.2771013024999371,
        0.30528639892040893,
        0.27941639927158296,
        0.23158050248744144,
        0.3182811674792944,
        0.2744849412662159,
        0.2813439275674655
      ],
      "vs_144_p": 0.29676009009456056,
      "vs_144_direction": "N=196 better"
    },
    {
      "N": 145,
      "sqrt_N": "N/A",
      "mean_gue_ks": 0.2676907407551291,
      "std_gue_ks": 0.029586152457343817,
      "sem_gue_ks": 0.006615664808729322,
      "K": 20,
      "elapsed": 5.873382091522217,
      "raw_scores": [
        0.29126681842085705,
        0.2836776243055188,
        0.3182442603013186,
        0.30878801232846703,
        0.2290387472841457,
        0.2656131879624658,
        0.2677559348979624,
        0.25443799707371106,
        0.278518800192753,
        0.26223990167699057,
        0.2042655855581385,
        0.275915319077652,
        0.3238637832148557,
        0.25072315887585483,
        0.2412832762378066,
        0.25310976458387896,
        0.27447968632000086,
        0.2227732304848148,
        0.27866231111160433,
        0.26915741519378605
      ]
    }
  ],
  "n144_locally_special": false,
  "global_ranking": [
    196,
    121,
    144,
    169,
    100
  ]
}